title,company,location,link
Junior React Developer,Verizon,,https://www.indeed.com/viewjob?jk=74404b6edc2471ae
Django/React Developer,Six Feet Up Inc.,"Fishers, IN",https://www.indeed.com/viewjob?jk=428845c21ca6f695
React Developer,Fifth Eye Inc,Remote,https://www.indeed.com/viewjob?jk=db9f0deb357ec1b1
Frontend Engineer (React.js),Deel,,https://www.indeed.com/viewjob?jk=666c1f3acdebba7c
React – Front End Developer,Sense & Respond,"New York, NY",https://www.indeed.com/viewjob?jk=63c0a70a5ff28527
new,"Houston Astros, LLC",,https://www.indeed.com/viewjob?jk=4093c9aab8c95077
UI Designer,Veterans Advantage,Remote,https://www.indeed.com/viewjob?jk=d68d6514a601f932
Frontend Engineer (React/TypeScript),"StackBlitz, Inc.",Remote,https://www.indeed.com/viewjob?jk=3ed508b4e397afb5
new,Rapptr Labs,Remote,https://www.indeed.com/viewjob?jk=fa2d8a872a4ecc7f
Frontend Developer,GRANDMETRIC,"Remote in Lewes, DE 19958",https://www.indeed.com/viewjob?jk=54ef719bf85bfcce
React Developer,AEVI,"London, OR",https://www.indeed.com/viewjob?jk=65fec5b9db6e9010
React Frontend Developer,NXLog,Remote,https://www.indeed.com/viewjob?jk=689d00af4915ebd7
new,Veridic Solutions,,https://www.indeed.com/viewjob?jk=a9c2628fdf23ac80
Software engineer,Sticker Mule,Remote,https://www.indeed.com/viewjob?jk=1756e7b0298d0eb8
Paid Code Review (React Expert),PullRequest,"Remote in Portland, OR",https://www.indeed.com/viewjob?jk=c558780f2b3ccc92
Entry-Level Front-End Engineer,Arccos Golf,Remote in United States,https://www.indeed.com/viewjob?jk=b2abf73d74d1d1fc
new,Reynolds and Reynolds,"Tallahassee, FL 32301",https://www.indeed.com/viewjob?jk=58196c7460baf93c
React/TypeScript UI Engineer,InspiHER Tech,Remote,https://www.indeed.com/viewjob?jk=c0b077ca0785c344
Front-End Developer (React),CACI,,https://www.indeed.com/viewjob?jk=32cc490e26c389bc
Remote - Full-Time - React Developer,Piper Companies,Remote,https://www.indeed.com/viewjob?jk=07d80055a050da88
new,Intel,,https://www.indeed.com/viewjob?jk=d4af7956d5a55c19
React.js Developer,Sofmen,"Saratoga, CA 95070",https://www.indeed.com/viewjob?jk=c7ecfbe8ad3f8b0d
Student Engineering Javascript,Lexia Learning,Remote,https://www.indeed.com/viewjob?jk=44116ca519b25f6f
new,Braintrust,,https://www.indeed.com/viewjob?jk=7c92ef1353892929
Node JS / React JS / Javascript Developers,AssetOne,Remote,https://www.indeed.com/viewjob?jk=af7339ef62cdf914
Front-End Engineer,Lyra Health,,https://www.indeed.com/viewjob?jk=19a9e1a19969bf9e
new,Build1,Remote,https://www.indeed.com/viewjob?jk=be535a90e6b3f30e
React Front End Developers,Infogain,,https://www.indeed.com/viewjob?jk=42e16d3cde775de6
Senior Front End Engineer (React),Underdog Fantasy,Remote,https://www.indeed.com/viewjob?jk=fefa96bfd9b00b27
Front-End Engineer,System1,,https://www.indeed.com/viewjob?jk=e0c203b501c1d2ea
UI Developer,Modern Tribe,,https://www.indeed.com/viewjob?jk=752c13e77fc07225
React Developer,"JPMorgan Chase Bank, N.A.",,https://www.indeed.com/viewjob?jk=bfd168a633bd389c
Web Developer,Offchain Labs,Remote,https://www.indeed.com/viewjob?jk=544e6a9bec24aca3
React JS Developers,Intone Networks,,https://www.indeed.com/viewjob?jk=692ae9fd334b7608
Associate Software Engineer with React - NY/NJ ONLY,Guardian Life Insurance Company,,https://www.indeed.com/viewjob?jk=4e9f6858928d90f7
new,TulaCo,United States,https://www.indeed.com/viewjob?jk=e578835080ec40de
React Engineer,Deloitte,,https://www.indeed.com/viewjob?jk=5e231b479f2a0b1c
React JS Developer,Bank of America,,https://www.indeed.com/viewjob?jk=3e96d337d1ccad19
Frontend Engineer(JavaScript),Avenue Code,Remote,https://www.indeed.com/viewjob?jk=934a5ffda9dbc430
Front-end Engineer,Learn In,Remote,https://www.indeed.com/viewjob?jk=5392f6d25a0e3669
Front End React Developer,OpenForce,Remote,https://www.indeed.com/viewjob?jk=3444b28c750b269c
new,ReviewTrackers,Remote,https://www.indeed.com/viewjob?jk=7783a9fd7ec5ab9e
Jr. Front End Developer,The Children's Place,"Secaucus, NJ 07094",https://www.indeed.com/viewjob?jk=d934de2603c5a1c8
Mid React and Node.js Developers,oktara,Remote,https://www.indeed.com/viewjob?jk=ceb432abc8484318
Software Engineer - Cloud & Compute (Full-Time Remote or Hyb...,TARGET,,https://www.indeed.com/viewjob?jk=6b45e8485baeb132
WordPress Engineer (Remote/Worldwide),XWP,,https://www.indeed.com/viewjob?jk=546770bfbe60c88c
Frontend/Javascript Developers,StudioLabs,New York State,https://www.indeed.com/viewjob?jk=daef9ce4fe54cf6a
React Developer (Front End Web Dev),Start Studio,"Remote in Provo, UT",https://www.indeed.com/viewjob?jk=51fd124789d7f144
new,Deloitte,,https://www.indeed.com/viewjob?jk=a632e40354f93297
React Developer (Virtual role),LOCKHEED MARTIN CORPORATION,"Marietta, GA 30063",https://www.indeed.com/viewjob?jk=98c955e8c6eb3a64
Junior React Developer,Verizon,,https://www.indeed.com/viewjob?jk=74404b6edc2471ae
Django/React Developer,Six Feet Up Inc.,"Fishers, IN",https://www.indeed.com/viewjob?jk=428845c21ca6f695
React Developer,Fifth Eye Inc,Remote,https://www.indeed.com/viewjob?jk=db9f0deb357ec1b1
Frontend Engineer (React.js),Deel,,https://www.indeed.com/viewjob?jk=666c1f3acdebba7c
React – Front End Developer,Sense & Respond,"New York, NY",https://www.indeed.com/viewjob?jk=63c0a70a5ff28527
new,"Houston Astros, LLC",,https://www.indeed.com/viewjob?jk=4093c9aab8c95077
UI Designer,Veterans Advantage,Remote,https://www.indeed.com/viewjob?jk=d68d6514a601f932
Frontend Engineer (React/TypeScript),"StackBlitz, Inc.",Remote,https://www.indeed.com/viewjob?jk=3ed508b4e397afb5
new,Rapptr Labs,Remote,https://www.indeed.com/viewjob?jk=fa2d8a872a4ecc7f
Frontend Developer,GRANDMETRIC,"Remote in Lewes, DE 19958",https://www.indeed.com/viewjob?jk=54ef719bf85bfcce
React Developer,AEVI,"London, OR",https://www.indeed.com/viewjob?jk=65fec5b9db6e9010
React Frontend Developer,NXLog,Remote,https://www.indeed.com/viewjob?jk=689d00af4915ebd7
new,Veridic Solutions,,https://www.indeed.com/viewjob?jk=a9c2628fdf23ac80
Software engineer,Sticker Mule,Remote,https://www.indeed.com/viewjob?jk=1756e7b0298d0eb8
Paid Code Review (React Expert),PullRequest,"Remote in Portland, OR",https://www.indeed.com/viewjob?jk=c558780f2b3ccc92
Entry-Level Front-End Engineer,Arccos Golf,Remote in United States,https://www.indeed.com/viewjob?jk=b2abf73d74d1d1fc
new,Reynolds and Reynolds,"Tallahassee, FL 32301",https://www.indeed.com/viewjob?jk=58196c7460baf93c
React/TypeScript UI Engineer,InspiHER Tech,Remote,https://www.indeed.com/viewjob?jk=c0b077ca0785c344
Front-End Developer (React),CACI,,https://www.indeed.com/viewjob?jk=32cc490e26c389bc
Remote - Full-Time - React Developer,Piper Companies,Remote,https://www.indeed.com/viewjob?jk=07d80055a050da88
new,Intel,,https://www.indeed.com/viewjob?jk=d4af7956d5a55c19
React.js Developer,Sofmen,"Saratoga, CA 95070",https://www.indeed.com/viewjob?jk=c7ecfbe8ad3f8b0d
Student Engineering Javascript,Lexia Learning,Remote,https://www.indeed.com/viewjob?jk=44116ca519b25f6f
new,Braintrust,,https://www.indeed.com/viewjob?jk=7c92ef1353892929
Node JS / React JS / Javascript Developers,AssetOne,Remote,https://www.indeed.com/viewjob?jk=af7339ef62cdf914
Front-End Engineer,Lyra Health,,https://www.indeed.com/viewjob?jk=19a9e1a19969bf9e
new,Build1,Remote,https://www.indeed.com/viewjob?jk=be535a90e6b3f30e
React Front End Developers,Infogain,,https://www.indeed.com/viewjob?jk=42e16d3cde775de6
Senior Front End Engineer (React),Underdog Fantasy,Remote,https://www.indeed.com/viewjob?jk=fefa96bfd9b00b27
Front-End Engineer,System1,,https://www.indeed.com/viewjob?jk=e0c203b501c1d2ea
UI Developer,Modern Tribe,,https://www.indeed.com/viewjob?jk=752c13e77fc07225
React Developer,"JPMorgan Chase Bank, N.A.",,https://www.indeed.com/viewjob?jk=bfd168a633bd389c
Web Developer,Offchain Labs,Remote,https://www.indeed.com/viewjob?jk=544e6a9bec24aca3
React JS Developers,Intone Networks,,https://www.indeed.com/viewjob?jk=692ae9fd334b7608
Associate Software Engineer with React - NY/NJ ONLY,Guardian Life Insurance Company,,https://www.indeed.com/viewjob?jk=4e9f6858928d90f7
new,TulaCo,United States,https://www.indeed.com/viewjob?jk=e578835080ec40de
React Engineer,Deloitte,,https://www.indeed.com/viewjob?jk=5e231b479f2a0b1c
React JS Developer,Bank of America,,https://www.indeed.com/viewjob?jk=3e96d337d1ccad19
Frontend Engineer(JavaScript),Avenue Code,Remote,https://www.indeed.com/viewjob?jk=934a5ffda9dbc430
Front-end Engineer,Learn In,Remote,https://www.indeed.com/viewjob?jk=5392f6d25a0e3669
Front End React Developer,OpenForce,Remote,https://www.indeed.com/viewjob?jk=3444b28c750b269c
new,ReviewTrackers,Remote,https://www.indeed.com/viewjob?jk=7783a9fd7ec5ab9e
Jr. Front End Developer,The Children's Place,"Secaucus, NJ 07094",https://www.indeed.com/viewjob?jk=d934de2603c5a1c8
Mid React and Node.js Developers,oktara,Remote,https://www.indeed.com/viewjob?jk=ceb432abc8484318
Software Engineer - Cloud & Compute (Full-Time Remote or Hyb...,TARGET,,https://www.indeed.com/viewjob?jk=6b45e8485baeb132
WordPress Engineer (Remote/Worldwide),XWP,,https://www.indeed.com/viewjob?jk=546770bfbe60c88c
Frontend/Javascript Developers,StudioLabs,New York State,https://www.indeed.com/viewjob?jk=daef9ce4fe54cf6a
React Developer (Front End Web Dev),Start Studio,"Remote in Provo, UT",https://www.indeed.com/viewjob?jk=51fd124789d7f144
new,Deloitte,,https://www.indeed.com/viewjob?jk=a632e40354f93297
React Developer (Virtual role),LOCKHEED MARTIN CORPORATION,"Marietta, GA 30063",https://www.indeed.com/viewjob?jk=98c955e8c6eb3a64
Junior React Developer,Verizon,,https://www.indeed.com/viewjob?jk=74404b6edc2471ae
Django/React Developer,Six Feet Up Inc.,"Fishers, IN",https://www.indeed.com/viewjob?jk=428845c21ca6f695
React Developer,Fifth Eye Inc,Remote,https://www.indeed.com/viewjob?jk=db9f0deb357ec1b1
Frontend Engineer (React.js),Deel,,https://www.indeed.com/viewjob?jk=666c1f3acdebba7c
React – Front End Developer,Sense & Respond,"New York, NY",https://www.indeed.com/viewjob?jk=63c0a70a5ff28527
new,"Houston Astros, LLC",,https://www.indeed.com/viewjob?jk=4093c9aab8c95077
UI Designer,Veterans Advantage,Remote,https://www.indeed.com/viewjob?jk=d68d6514a601f932
Frontend Engineer (React/TypeScript),"StackBlitz, Inc.",Remote,https://www.indeed.com/viewjob?jk=3ed508b4e397afb5
new,Rapptr Labs,Remote,https://www.indeed.com/viewjob?jk=fa2d8a872a4ecc7f
Frontend Developer,GRANDMETRIC,"Remote in Lewes, DE 19958",https://www.indeed.com/viewjob?jk=54ef719bf85bfcce
React Developer,AEVI,"London, OR",https://www.indeed.com/viewjob?jk=65fec5b9db6e9010
React Frontend Developer,NXLog,Remote,https://www.indeed.com/viewjob?jk=689d00af4915ebd7
new,Veridic Solutions,,https://www.indeed.com/viewjob?jk=a9c2628fdf23ac80
Software engineer,Sticker Mule,Remote,https://www.indeed.com/viewjob?jk=1756e7b0298d0eb8
Paid Code Review (React Expert),PullRequest,"Remote in Portland, OR",https://www.indeed.com/viewjob?jk=c558780f2b3ccc92
Entry-Level Front-End Engineer,Arccos Golf,Remote in United States,https://www.indeed.com/viewjob?jk=b2abf73d74d1d1fc
new,Reynolds and Reynolds,"Tallahassee, FL 32301",https://www.indeed.com/viewjob?jk=58196c7460baf93c
React/TypeScript UI Engineer,InspiHER Tech,Remote,https://www.indeed.com/viewjob?jk=c0b077ca0785c344
Front-End Developer (React),CACI,,https://www.indeed.com/viewjob?jk=32cc490e26c389bc
Remote - Full-Time - React Developer,Piper Companies,Remote,https://www.indeed.com/viewjob?jk=07d80055a050da88
new,Intel,,https://www.indeed.com/viewjob?jk=d4af7956d5a55c19
React.js Developer,Sofmen,"Saratoga, CA 95070",https://www.indeed.com/viewjob?jk=c7ecfbe8ad3f8b0d
Student Engineering Javascript,Lexia Learning,Remote,https://www.indeed.com/viewjob?jk=44116ca519b25f6f
new,Braintrust,,https://www.indeed.com/viewjob?jk=7c92ef1353892929
Node JS / React JS / Javascript Developers,AssetOne,Remote,https://www.indeed.com/viewjob?jk=af7339ef62cdf914
Front-End Engineer,Lyra Health,,https://www.indeed.com/viewjob?jk=19a9e1a19969bf9e
new,Build1,Remote,https://www.indeed.com/viewjob?jk=be535a90e6b3f30e
React Front End Developers,Infogain,,https://www.indeed.com/viewjob?jk=42e16d3cde775de6
Senior Front End Engineer (React),Underdog Fantasy,Remote,https://www.indeed.com/viewjob?jk=fefa96bfd9b00b27
Front-End Engineer,System1,,https://www.indeed.com/viewjob?jk=e0c203b501c1d2ea
UI Developer,Modern Tribe,,https://www.indeed.com/viewjob?jk=752c13e77fc07225
React Developer,"JPMorgan Chase Bank, N.A.",,https://www.indeed.com/viewjob?jk=bfd168a633bd389c
Web Developer,Offchain Labs,Remote,https://www.indeed.com/viewjob?jk=544e6a9bec24aca3
React JS Developers,Intone Networks,,https://www.indeed.com/viewjob?jk=692ae9fd334b7608
new,TulaCo,United States,https://www.indeed.com/viewjob?jk=e578835080ec40de
React Engineer,Deloitte,,https://www.indeed.com/viewjob?jk=5e231b479f2a0b1c
React JS Developer,Bank of America,,https://www.indeed.com/viewjob?jk=3e96d337d1ccad19
Frontend Engineer(JavaScript),Avenue Code,Remote,https://www.indeed.com/viewjob?jk=934a5ffda9dbc430
Front-end Engineer,Learn In,Remote,https://www.indeed.com/viewjob?jk=5392f6d25a0e3669
Front End React Developer,OpenForce,Remote,https://www.indeed.com/viewjob?jk=3444b28c750b269c
new,ReviewTrackers,Remote,https://www.indeed.com/viewjob?jk=7783a9fd7ec5ab9e
Jr. Front End Developer,The Children's Place,"Secaucus, NJ 07094",https://www.indeed.com/viewjob?jk=d934de2603c5a1c8
Mid React and Node.js Developers,oktara,Remote,https://www.indeed.com/viewjob?jk=ceb432abc8484318
Software Engineer - Cloud & Compute (Full-Time Remote or Hyb...,TARGET,,https://www.indeed.com/viewjob?jk=6b45e8485baeb132
WordPress Engineer (Remote/Worldwide),XWP,,https://www.indeed.com/viewjob?jk=546770bfbe60c88c
Frontend/Javascript Developers,StudioLabs,New York State,https://www.indeed.com/viewjob?jk=daef9ce4fe54cf6a
React Developer (Front End Web Dev),Start Studio,"Remote in Provo, UT",https://www.indeed.com/viewjob?jk=51fd124789d7f144
new,Deloitte,,https://www.indeed.com/viewjob?jk=a632e40354f93297
React Developer (Virtual role),LOCKHEED MARTIN CORPORATION,"Marietta, GA 30063",https://www.indeed.com/viewjob?jk=98c955e8c6eb3a64
Frontend React JS Developer,Infosys,,https://www.indeed.com/viewjob?jk=5d08b5ca81060e88
Junior React Developer,Verizon,,https://www.indeed.com/viewjob?jk=74404b6edc2471ae
Django/React Developer,Six Feet Up Inc.,"Fishers, IN",https://www.indeed.com/viewjob?jk=428845c21ca6f695
React Developer,Fifth Eye Inc,Remote,https://www.indeed.com/viewjob?jk=db9f0deb357ec1b1
Frontend Engineer (React.js),Deel,,https://www.indeed.com/viewjob?jk=666c1f3acdebba7c
React – Front End Developer,Sense & Respond,"New York, NY",https://www.indeed.com/viewjob?jk=63c0a70a5ff28527
new,"Houston Astros, LLC",,https://www.indeed.com/viewjob?jk=4093c9aab8c95077
UI Designer,Veterans Advantage,Remote,https://www.indeed.com/viewjob?jk=d68d6514a601f932
Frontend Engineer (React/TypeScript),"StackBlitz, Inc.",Remote,https://www.indeed.com/viewjob?jk=3ed508b4e397afb5
new,Rapptr Labs,Remote,https://www.indeed.com/viewjob?jk=fa2d8a872a4ecc7f
Frontend Developer,GRANDMETRIC,"Remote in Lewes, DE 19958",https://www.indeed.com/viewjob?jk=54ef719bf85bfcce
React Developer,AEVI,"London, OR",https://www.indeed.com/viewjob?jk=65fec5b9db6e9010
React Frontend Developer,NXLog,Remote,https://www.indeed.com/viewjob?jk=689d00af4915ebd7
new,Veridic Solutions,,https://www.indeed.com/viewjob?jk=a9c2628fdf23ac80
Software engineer,Sticker Mule,Remote,https://www.indeed.com/viewjob?jk=1756e7b0298d0eb8
Paid Code Review (React Expert),PullRequest,"Remote in Portland, OR",https://www.indeed.com/viewjob?jk=c558780f2b3ccc92
Entry-Level Front-End Engineer,Arccos Golf,Remote in United States,https://www.indeed.com/viewjob?jk=b2abf73d74d1d1fc
new,Reynolds and Reynolds,"Tallahassee, FL 32301",https://www.indeed.com/viewjob?jk=58196c7460baf93c
React/TypeScript UI Engineer,InspiHER Tech,Remote,https://www.indeed.com/viewjob?jk=c0b077ca0785c344
Front-End Developer (React),CACI,,https://www.indeed.com/viewjob?jk=32cc490e26c389bc
Remote - Full-Time - React Developer,Piper Companies,Remote,https://www.indeed.com/viewjob?jk=07d80055a050da88
new,Intel,,https://www.indeed.com/viewjob?jk=d4af7956d5a55c19
React.js Developer,Sofmen,"Saratoga, CA 95070",https://www.indeed.com/viewjob?jk=c7ecfbe8ad3f8b0d
Student Engineering Javascript,Lexia Learning,Remote,https://www.indeed.com/viewjob?jk=44116ca519b25f6f
new,Braintrust,,https://www.indeed.com/viewjob?jk=7c92ef1353892929
Node JS / React JS / Javascript Developers,AssetOne,Remote,https://www.indeed.com/viewjob?jk=af7339ef62cdf914
Front-End Engineer,Lyra Health,,https://www.indeed.com/viewjob?jk=19a9e1a19969bf9e
new,Build1,Remote,https://www.indeed.com/viewjob?jk=be535a90e6b3f30e
React Front End Developers,Infogain,,https://www.indeed.com/viewjob?jk=42e16d3cde775de6
Senior Front End Engineer (React),Underdog Fantasy,Remote,https://www.indeed.com/viewjob?jk=fefa96bfd9b00b27
Front-End Engineer,System1,,https://www.indeed.com/viewjob?jk=e0c203b501c1d2ea
UI Developer,Modern Tribe,,https://www.indeed.com/viewjob?jk=752c13e77fc07225
React Developer,"JPMorgan Chase Bank, N.A.",,https://www.indeed.com/viewjob?jk=bfd168a633bd389c
Web Developer,Offchain Labs,Remote,https://www.indeed.com/viewjob?jk=544e6a9bec24aca3
React JS Developers,Intone Networks,,https://www.indeed.com/viewjob?jk=692ae9fd334b7608
Associate Software Engineer with React - NY/NJ ONLY,Guardian Life Insurance Company,,https://www.indeed.com/viewjob?jk=4e9f6858928d90f7
new,TulaCo,United States,https://www.indeed.com/viewjob?jk=e578835080ec40de
React Engineer,Deloitte,,https://www.indeed.com/viewjob?jk=5e231b479f2a0b1c
React JS Developer,Bank of America,,https://www.indeed.com/viewjob?jk=3e96d337d1ccad19
Frontend Engineer(JavaScript),Avenue Code,Remote,https://www.indeed.com/viewjob?jk=934a5ffda9dbc430
Front-end Engineer,Learn In,Remote,https://www.indeed.com/viewjob?jk=5392f6d25a0e3669
Front End React Developer,OpenForce,Remote,https://www.indeed.com/viewjob?jk=3444b28c750b269c
new,ReviewTrackers,Remote,https://www.indeed.com/viewjob?jk=7783a9fd7ec5ab9e
Jr. Front End Developer,The Children's Place,"Secaucus, NJ 07094",https://www.indeed.com/viewjob?jk=d934de2603c5a1c8
Mid React and Node.js Developers,oktara,Remote,https://www.indeed.com/viewjob?jk=ceb432abc8484318
Software Engineer - Cloud & Compute (Full-Time Remote or Hyb...,TARGET,,https://www.indeed.com/viewjob?jk=6b45e8485baeb132
WordPress Engineer (Remote/Worldwide),XWP,,https://www.indeed.com/viewjob?jk=546770bfbe60c88c
Frontend/Javascript Developers,StudioLabs,New York State,https://www.indeed.com/viewjob?jk=daef9ce4fe54cf6a
React Developer (Front End Web Dev),Start Studio,"Remote in Provo, UT",https://www.indeed.com/viewjob?jk=51fd124789d7f144
new,Deloitte,,https://www.indeed.com/viewjob?jk=a632e40354f93297
React Developer (Virtual role),LOCKHEED MARTIN CORPORATION,"Marietta, GA 30063",https://www.indeed.com/viewjob?jk=98c955e8c6eb3a64
Senior Full-Stack Developer,eBay,"Amsterdam, Netherlands",https://stackoverflow.com/jobs/541472
Full Stack Developer,iFit,No office location,https://stackoverflow.com/jobs/551202
Software Engineer Frontend/Fullstack - Media & Services Hub (m/f/d),HolidayCheck Group AG,"München, Deutschland",https://stackoverflow.com/jobs/559404
Senior Software Engineer - Cards,C2FO,"Leawood, KS",https://stackoverflow.com/jobs/538364
Senior Full-Stack Developer,Supermetrics Oy,"Helsinki, Finland",https://stackoverflow.com/jobs/565936
Engineering Manager - FinTech - Wallet (f/m/d),Delivery Hero SE,"Berlin, Germany",https://stackoverflow.com/jobs/565908
DevOps Manager/Architect,Self Decode,No office location,https://stackoverflow.com/jobs/566409
Senior Frontend Engineer - Employee Performance & Development (f/m/d),Personio,"Madrid, Spain",https://stackoverflow.com/jobs/336428
Join the Crew - Passionate Senior Software Engineer,Spaceteams GmbH,"Hamburg, Germany",https://stackoverflow.com/jobs/555273
SENIOR FRONTEND SOFTWARE ENGINEER (F/M/D),4.screen GmbH,"München, Deutschland",https://stackoverflow.com/jobs/521008
Women in Tech - all levels at sustainable start-up (f/x) - Munich or Remote,FINN,No office location,https://stackoverflow.com/jobs/565648
Women in Leadership Tech -all levels at sustainable start-up (f/x) Munich/Remote,FINN,"München, Germany",https://stackoverflow.com/jobs/566709
Tech Lead Engineering at sustainable start-up (m/f/x) - Munich/Remote,FINN,"München, Germany",https://stackoverflow.com/jobs/541678
Web Application Developer (m/w/d),APIS Informationstechnologien GmbH,"Wörth an der Donau, Deutschland",https://stackoverflow.com/jobs/566746
Senior Security Engineer,IG Group,"London, UK",https://stackoverflow.com/jobs/555193
Java Software Engineer,IG Group,"London, UK",https://stackoverflow.com/jobs/555192
Full Stack Java/React Developer,Portland Webworks,"Portland, ME",https://stackoverflow.com/jobs/524803
Senior Software Engineer,uShip,"Austin, TX",https://stackoverflow.com/jobs/537938
"Technical Engineering Manager, Product & Platform (Canada)",Fullscript,No office location,https://stackoverflow.com/jobs/566741
Senior Java Fullstack Developer: contribute E2E from server side to API & the UI,Mimecast,"London, UK",https://stackoverflow.com/jobs/415192
Frontend Developer - Angular /m/w/d),hmmh multimediahaus AG,"Bremen, Deutschland",https://stackoverflow.com/jobs/528287
Senior Python/Django Fullstack Developer (m/f/d) - On-site or Remote,social sweethearts® GmbH,"München, Deutschland",https://stackoverflow.com/jobs/566738
"Remote Polyglot Software Engineer – TDD, XP, JavaScript",Pragmateam,No office location,https://stackoverflow.com/jobs/523004
Experienced Software Engineer,Outschool,No office location,https://stackoverflow.com/jobs/550915
Front-end Developer (React),Shypple,"Rotterdam, Netherlands",https://stackoverflow.com/jobs/315697
Full Stack Engineer (m/f/d),Relayr,"Katowice, Poland",https://stackoverflow.com/jobs/544460
Frontend-Entwickler*in,VITRONIC Dr.-Ing. Stein Bildverarbeitungssysteme GmbH,"Wiesbaden, Deutschland",https://stackoverflow.com/jobs/566727
Frontend Entwickler (w/m/d) React / JavaScript - bundesweit & Homeoffice,objective partner AG,"Weinheim, Deutschland",https://stackoverflow.com/jobs/550884
Senior Software Developer (f/m/d),ready2order GmbH,No office location,https://stackoverflow.com/jobs/566384
Java Fullstack Entwickler (w/m/d) - bundesweit & Homeoffice,objective partner AG,"Weinheim, Deutschland",https://stackoverflow.com/jobs/550879
Senior Manager Data & Software Engineering for Emerging Markets (f/m/d),HeidelbergCement AG,"Heidelberg, Deutschland",https://stackoverflow.com/jobs/558883
Lead Application Support Engineer (all genders),Elinvar GmbH,"Berlin, Germany",https://stackoverflow.com/jobs/566724
Senior Backend Engineer (all genders),Elinvar GmbH,"Magdeburg, Germany",https://stackoverflow.com/jobs/566722
Software Engineer (Python AWS),Wizeline,"Phường 12 (Quận 10), Vietnam",https://stackoverflow.com/jobs/487852
Frontend Developer (m/w/d),RheinEnergie AG,"Köln, Deutschland",https://stackoverflow.com/jobs/506045
Frontend Engineer (m/f/d),Relayr,"Katowice, Poland",https://stackoverflow.com/jobs/544459
Senior Software Engineer - React Native,uShip,"Austin, TX",https://stackoverflow.com/jobs/550764
Senior Front-End Developer,kaliber.ai,No office location,https://stackoverflow.com/jobs/565929
Frontend-Web-Developer (m/w/d) heise online,Heise Medien GmbH Co KG,"Hannover, Deutschland",https://stackoverflow.com/jobs/566715
Principal Full Stack Developer (f/m/x) React & Node.js,Cosuno,"Berlin, Germany",https://stackoverflow.com/jobs/522359
Full Stack Developer (f/m/x) React & Node.js,Cosuno,"Berlin, Germany",https://stackoverflow.com/jobs/354357
Senior DevOps Engineer,Supermetrics Oy,No office location,https://stackoverflow.com/jobs/565891
Senior Full Stack Software Engineer,kaliber.ai,No office location,https://stackoverflow.com/jobs/251476
Remote Mobile Engineer - React Native,Bitfinex,No office location,https://stackoverflow.com/jobs/566707
iOS Engineer,Outschool,No office location,https://stackoverflow.com/jobs/565872
Fullstack Engineer II (Python/Django/React),StyleSeat,No office location,https://stackoverflow.com/jobs/554278
Remote Experienced Frontend Engineer - React,"TheoremOne, LLC",No office location,https://stackoverflow.com/jobs/562427
Senior Front-end Software Engineer,eBay,"London, UK",https://stackoverflow.com/jobs/565862
Engineering Manager - Platform,C2FO,No office location,https://stackoverflow.com/jobs/566701
Frontend Engineer - Payroll Domain - Dublin or Ireland Remote,Personio,"Dublin, Ireland",https://stackoverflow.com/jobs/565843
Front-end Engineer - Working in Japan,LINE Fukuoka,"Fukuoka, Japan",https://stackoverflow.com/jobs/273839
Software Engineer - Full Stack (Mid-Senior),Olo,No office location,https://stackoverflow.com/jobs/448572
Technical Lead/Developer (.NET Web Projects; Fully Remote),BlueModus,No office location,https://stackoverflow.com/jobs/566694
Software Architect & Lead (.NET Web Projects; Fully Remote),BlueModus,No office location,https://stackoverflow.com/jobs/566693
UX Developer,Portland Webworks,"Portland, ME",https://stackoverflow.com/jobs/524306
React Developer - DWH team,Supermetrics Oy,"Helsinki, Finland",https://stackoverflow.com/jobs/565838
Web developer,Intel Corporation,"Moscow, Russia",https://stackoverflow.com/jobs/530450
Security Engineer,Outschool,No office location,https://stackoverflow.com/jobs/566357
Lead Software Engineer – Cloud Platform Frontend,"Jack Henry & Associates, Inc.®",No office location,https://stackoverflow.com/jobs/558525
Senior Java / Kotlin Engineer (m/f/x) Order Master (High-Load Marketplace),"AVANTGARDE - ""Creating Fans""",No office location,https://stackoverflow.com/jobs/536837
Senior Full Stack Developer,AutoRek,"Edinburgh, UK",https://stackoverflow.com/jobs/520638
Senior DevOps Engineer,Self Decode,No office location,https://stackoverflow.com/jobs/566351
Join the Crew - Ambitious Fullstack Software Engineer (all genders),Spaceteams GmbH,"Hamburg, Germany",https://stackoverflow.com/jobs/554531
Senior Front-End Software Engineer (React),Higher Logic,No office location,https://stackoverflow.com/jobs/566338
Mid/Senior React Native Developer,Photobooth Supply Co,"Santa Ana, CA",https://stackoverflow.com/jobs/565782
Senior Full-Stack Web Developer,Genetec,"Vienna, Austria",https://stackoverflow.com/jobs/565772
Dart/ Flutter Developer (m/f/d) - Shop Applications - onsite or remote within EU,ABOUT YOU SE & Co. KG,"Hamburg, Deutschland",https://stackoverflow.com/jobs/351153
Technical Lead,Relayr,"Chicago, IL",https://stackoverflow.com/jobs/528608
Development Team Lead - Platform,Gamesys Group,"London, UK",https://stackoverflow.com/jobs/566316
Senior Backend Engineer (Canada),Fullscript,No office location,https://stackoverflow.com/jobs/566673
Senior JavaScript Engineer (Canada Remote),Fullscript,No office location,https://stackoverflow.com/jobs/566672
Senior Full Stack Developer - PHP and VueJS (f/m/d),CA Customer Alliance GmbH,No office location,https://stackoverflow.com/jobs/528320
Senior Software Engineer (React),Higher Logic,"Montreal, QC, Canada",https://stackoverflow.com/jobs/536301
Modern Infrastructure and Security Architect - Remote - Vice President -SRE,MUFG,No office location,https://stackoverflow.com/jobs/566303
Frontend Engineer - HR Management,Personio,"Dublin, Ireland",https://stackoverflow.com/jobs/554261
"Senior NodeJS Engineer - NY, LA, Seattle (contract)",econify,"Seattle, WA",https://stackoverflow.com/jobs/270802
"Full-Stack Developer, Research & Development",Houston Astros Baseball R&D,"Houston, TX",https://stackoverflow.com/jobs/536288
Join our Tech Community as Working Student (m/f/d),Motius GmbH,"München, Deutschland",https://stackoverflow.com/jobs/566670
"Senior QA Developer (JavaScript, Selenium)",IG Group,"Kraków, Poland",https://stackoverflow.com/jobs/536279
"Fullstack Software Entwickler - Consulting, SharePoint, .NET (m/w/d)",Comline Computer + Softwarelösungen SE,"Hamburg, Deutschland",https://stackoverflow.com/jobs/566663
"Fullstack Software Entwickler - Python, .NET (m/w/d)",Comline Computer + Softwarelösungen SE,"Hamburg, Deutschland",https://stackoverflow.com/jobs/566662
"Tech Lead Store Replenishment (Cloud,Azure,Oracle,Microservices)",AH Technology – Albert Heijn,"Zaandam, Netherlands",https://stackoverflow.com/jobs/566289
Software Engineer,Which?,"London, UK",https://stackoverflow.com/jobs/524001
Backend Software Engineer - Python,Hubs,"Amsterdam, Netherlands",https://stackoverflow.com/jobs/543394
Senior Frontend Engineer,AMBOSS,"Berlin, Germany",https://stackoverflow.com/jobs/558018
Full Stack Web Developer (m/w/d),Raven51 AG,No office location,https://stackoverflow.com/jobs/566657
Engineering Manager,Forge,"San Francisco, CA",https://stackoverflow.com/jobs/523953
Computer Network Defense/Exploitation Analyst - Entry to Expert Level,National Security Agency,"Fort Meade, MD",https://stackoverflow.com/jobs/566651
Senior Fullstack Engineer,AMBOSS,"Berlin, Germany",https://stackoverflow.com/jobs/557771
IT-Entwicklerin / IT-Entwickler (w/m/d) digitaler Vertrieb und neue Mobilität,Berliner Verkehrsbetriebe (BVG) - AöR -,"Berlin, Deutschland",https://stackoverflow.com/jobs/566646
Senior Java Software Engineer,eBay,"London, UK",https://stackoverflow.com/jobs/566198
Frontend Developer (m/f/d),Pixida GmbH,"München, Deutschland",https://stackoverflow.com/jobs/566267
Senior Web Entwickler (m/w/d),ilum:e informatik AG,No office location,https://stackoverflow.com/jobs/566266
Senior/Staff Full Stack Engineer (Ruby on Rails),Forge,"Denver, CO",https://stackoverflow.com/jobs/523832
Engineering Manager,NN Group N.V.,"Den Haag, Netherlands",https://stackoverflow.com/jobs/557648
Full Stack Engineer,NN Group N.V.,"Den Haag, Netherlands",https://stackoverflow.com/jobs/557647
Engineer Onboarding & Authentication,NN Group N.V.,"Den Haag, Netherlands",https://stackoverflow.com/jobs/557646
Software Engineer,The Orchard,"London, UK",https://stackoverflow.com/jobs/543314
Front-end Software Engineer,McD Tech Labs,"Mountain View, CA",https://stackoverflow.com/jobs/523792
Node.js Developer for high-scalable CRM Tool  (m/f/d) - onsite or remote within,ABOUT YOU SE & Co. KG,No office location,https://stackoverflow.com/jobs/236387
Engineering Manager (f/m/x),Zenjob,"Berlin, Germany",https://stackoverflow.com/jobs/553614
"NodeJS Engineer - NYC (or Seattle, LA)",econify,"New York, NY",https://stackoverflow.com/jobs/283490
Full Stack Engineer,Zattoo,"Berlin, Germany",https://stackoverflow.com/jobs/565749
Senior iOS Developer (Swift / Objective-C) - Remote,IG Group,"London, UK",https://stackoverflow.com/jobs/530120
"Sovelluskehittäjä, Liikenteen yksikkö",CGI Suomi,"Helsinki, Finland",https://stackoverflow.com/jobs/561552
Python/Django Developer (m/f/d),social sweethearts® GmbH,No office location,https://stackoverflow.com/jobs/566615
"*REMOTE* Principal Engineer Kotlin / Java (High-Load Marketplace, m/f/x)","AVANTGARDE - ""Creating Fans""",No office location,https://stackoverflow.com/jobs/550244
REMOTE Techlead React (TS) Frontend (m/f/x) - Global Marketplace Solution,"AVANTGARDE - ""Creating Fans""",No office location,https://stackoverflow.com/jobs/498049
Software Engineer,FinoComp,"Sydney, Australia",https://stackoverflow.com/jobs/566628
"Lead Software Engineer, atma.io",atma.io,No office location,https://stackoverflow.com/jobs/566393
Senior .NET Developer,Lobster Ink Technologies,"Amsterdam, Netherlands",https://stackoverflow.com/jobs/566625
Engineering Manager,Impala,No office location,https://stackoverflow.com/jobs/553590
Senior Full-Stack Engineer with Node.js - Tradeshift Go,Tradeshift,"Bucharest, Romania",https://stackoverflow.com/jobs/526924
Intermediate Software Engineer,Adaptavist,"Toronto, ON, Canada",https://stackoverflow.com/jobs/565698
Senior Frontend Developer,MSCI,"Budapest, Hungary",https://stackoverflow.com/jobs/553439
Developer Node.js (m/w/d),Peek & Cloppenburg,"Düsseldorf, Germany",https://stackoverflow.com/jobs/565673
Senior React Developer - Excel team,Supermetrics Oy,"Helsinki, Finland",https://stackoverflow.com/jobs/566250
Software-Entwickler & Software-Architekt (m/w/d),Method Park,"München, Deutschland",https://stackoverflow.com/jobs/548553
Full-Stack Javascript Developer (Node.js / React / Next.js),OOZOU,No office location,https://stackoverflow.com/jobs/565669
Front End Engineer,"Betterup, Inc.",No office location,https://stackoverflow.com/jobs/523559
Lead Full-Stack Software Engineer (Tech Lead) (f/m/d),HeidelbergCement AG,"Heidelberg, Deutschland",https://stackoverflow.com/jobs/557326
Senior Software Engineer Java (m/w/d),ti&m AG,"Frankfurt am Main, Deutschland",https://stackoverflow.com/jobs/548441
Senior Engineering Manager,eBay,"London, UK",https://stackoverflow.com/jobs/566241
"Senior/Front End Engineer, APAC",Coda Payments,No office location,https://stackoverflow.com/jobs/557316
Senior Symfony/PHP Engineer,Compucorp,"London, UK",https://stackoverflow.com/jobs/566238
Frontend (UX) Engineer,Pinnacle 21,No office location,https://stackoverflow.com/jobs/561044
Front-End Software Engineer,HENNGE K.K.,"Tokyo, Japan",https://stackoverflow.com/jobs/381280
Software Engineer (FE / Full Stack ),eBay,"San Francisco, CA",https://stackoverflow.com/jobs/566606
(Senior) Java Frontend Developer (m/w/d),Nets Group,"Eschborn, Germany",https://stackoverflow.com/jobs/557194
(Senior) Java Backend Developer (m/w/d),Nets Group,"Eschborn, Germany",https://stackoverflow.com/jobs/557193
"Senior Frontend Engineer, Cawemo Team - EMEA",camunda,No office location,https://stackoverflow.com/jobs/553117
Senior Frontend Engineer (React.JS) (m/f/d),Motius GmbH,"Belgrad, Serbien",https://stackoverflow.com/jobs/566602
"Full Stack Software Engineer, Business Integrity",ByteDance,Singapore,https://stackoverflow.com/jobs/553099
Senior Java Engineer (m/f/x) Payment Platform Global Marketplace,"AVANTGARDE - ""Creating Fans""","München, Deutschland",https://stackoverflow.com/jobs/425377
*REMOTE* React.js (Node.js) TypeScript FE/FS Engineer (m/f/x)-Global Marketplace,"AVANTGARDE - ""Creating Fans""",No office location,https://stackoverflow.com/jobs/433429
Staff/Senior Frontend Engineer for Broker (m/f/x) onsite or remote (in Germany),Scalable Capital GmbH,"München, Deutschland",https://stackoverflow.com/jobs/566599
"Frontend Software Engineer, Customer Service Platform",ByteDance,Singapore,https://stackoverflow.com/jobs/541573
"Frontend Software Engineer, Business Integrity",ByteDance,Singapore,https://stackoverflow.com/jobs/553035
Software Engineer: Full Stack,Stile Education,"Melbourne, Australia",https://stackoverflow.com/jobs/566215
"Senior Software Engineer, Front End",Stardog Union,No office location,https://stackoverflow.com/jobs/566210
QA Tester,Self Decode,No office location,https://stackoverflow.com/jobs/561041
"Front-End Developer, Research & Development",Houston Astros Baseball R&D,"Houston, TX",https://stackoverflow.com/jobs/534755
Software Engineer,Odoo,"Ciudad de México, Mexico",https://stackoverflow.com/jobs/472421
"Full Stack .NET Developer, REMOTE",Pentalog,No office location,https://stackoverflow.com/jobs/566595
Full Stack Developer (React + Java) – REMOTE,Pentalog,No office location,https://stackoverflow.com/jobs/566591
.NET Developer - REMOTE,Pentalog,No office location,https://stackoverflow.com/jobs/566590
Frontend Engineer (m/w/d),QuantCo,"Karlsruhe, Deutschland",https://stackoverflow.com/jobs/553014
QA Automation Tester job,Pentalog,No office location,https://stackoverflow.com/jobs/566585
"Front-End (Vue.js) Developer, REMOTE",Pentalog,No office location,https://stackoverflow.com/jobs/566583
Fullstack Web-Entwickler PHP/React (m/w/d) für E-Commerce Agentur aus Bremen,hmmh multimediahaus AG,No office location,https://stackoverflow.com/jobs/526714
Tech Lead,Which?,"London, UK",https://stackoverflow.com/jobs/553253
Full-stack Developer,SBAB Bank,"Solna, Sweden",https://stackoverflow.com/jobs/526710
Remote Fullstack Entwicklerin (m/w/d),Ambient,"Köln, Deutschland",https://stackoverflow.com/jobs/552969
DevOps Manager/Architect,Self Decode,No office location,https://stackoverflow.com/jobs/557000
Fullstack Developer,SBAB Bank,"Karlstad, Sweden",https://stackoverflow.com/jobs/561015
Fullstack Professional with PHP/Symfony 4 & vue.js experience,roadsurfer GmbH,"München, Deutschland",https://stackoverflow.com/jobs/497587
"Lead Polyglot Software Engineers – TDD, XP, JavaScript",Pragmateam,"Sydney, Australia",https://stackoverflow.com/jobs/519292
Full Stack Developer,The Focusrite Group,"London, UK",https://stackoverflow.com/jobs/566176
Remote Sr. Frontend Architect (React) - Spekit - High Growth Series B Startup,False,via,https://stackoverflow.com/jobs/566565
Fully Remote - Lead Frontend Engineer - Meraki: Dashboard Team,False,via,https://stackoverflow.com/jobs/566562
Software Engineer - Build the next generation of AI platform,Signal AI,"London, UK",https://stackoverflow.com/jobs/246027
Web Engineer,Signal AI,"London, UK",https://stackoverflow.com/jobs/273615
Senior Frontend Engineer,Open Systems AG,"Zürich, Switzerland",https://stackoverflow.com/jobs/521998
Software Developer in Test,Which?,"London, UK",https://stackoverflow.com/jobs/556887
Senior Front End Developer,Which?,"London, UK",https://stackoverflow.com/jobs/524732
WordPress Developer (Remote),X-Team,No office location,https://stackoverflow.com/jobs/534463
PHP Developer (Remote),X-Team,No office location,https://stackoverflow.com/jobs/534453
Full-Stack JavaScript Developer (Remote),X-Team,No office location,https://stackoverflow.com/jobs/534446
LEAD INSTRUCTOR - WEB DEVELOPMENT [full time | German speaking | hybrid],WBS Gruppe,No office location,https://stackoverflow.com/jobs/529169
Full Stack Developer,Ensign InfoSecurity (Cybersecurity) Pte Ltd,Singapore,https://stackoverflow.com/jobs/534276
Senior Software Engineer,"G2.com, Inc.","Chicago, IL",https://stackoverflow.com/jobs/529392
Senior Software Engineer - Full Stack,C2FO,"Leawood, KS",https://stackoverflow.com/jobs/287269
Senior Backend Software Engineer,C2FO,"Leawood, KS",https://stackoverflow.com/jobs/522851
Senior Frontend Engineer (Remote),Nebulab,No office location,https://stackoverflow.com/jobs/541099
Web Developer - Apps Team,Esri,"Portland, ME",https://stackoverflow.com/jobs/566045
Java Software Engineer,IMC Trading,"Amsterdam, Netherlands",https://stackoverflow.com/jobs/122570
JavaScript Developer - Location Analytics,Esri,"Redlands, CA",https://stackoverflow.com/jobs/396325
Geo Data Visualization Front-End Developer,Esri,"Arlington, VA",https://stackoverflow.com/jobs/566041
"Sr Full Stack Engineer - US & Canada Remote (.NET core, NoSQL, React, AWS)",Lone Wolf Technologies,No office location,https://stackoverflow.com/jobs/523487
React Software Engineer @ Nozomi Networks,Nozomi Networks,"Mendrisio, Switzerland",https://stackoverflow.com/jobs/526403
Senior Software Engineer,Administrate,No office location,https://stackoverflow.com/jobs/522941
Senior Software Engineer,Administrate,No office location,https://stackoverflow.com/jobs/522940
Senior Software Engineer,Administrate,"Edinburgh, UK",https://stackoverflow.com/jobs/522939
C# Developer für Webanwendungen (w/*/m),queo GmbH,"Dresden, Deutschland",https://stackoverflow.com/jobs/522414
Backend Developer,Octopus Energy,"London, UK",https://stackoverflow.com/jobs/197943
Typescript/React expert (+3 years),Prezly,No office location,https://stackoverflow.com/jobs/546669
Software Full Stack Engineer,Singapore Innovate Pte. Ltd,Singapore,https://stackoverflow.com/jobs/565596
Software Engineering Manager (Remote),Branding Brand,No office location,https://stackoverflow.com/jobs/546565
Senior React Engineer / Mobile Software Developer (Remote),Branding Brand,No office location,https://stackoverflow.com/jobs/546545
Solution Architect - Prototyping (m/w/d) Tax & Legal Garage,Deloitte Deutschland,"Düsseldorf, Deutschland",https://stackoverflow.com/jobs/534020
Software Development Architect/Lead Developer (gn) Java,SoftwareONE Deutschland GmbH,"Leipzig, Germany",https://stackoverflow.com/jobs/526082
Software Development Architect (gn) C# / .NET,SoftwareONE Deutschland GmbH,"Leipzig, Germany",https://stackoverflow.com/jobs/526080
Software Developer (gn) Java,SoftwareONE Deutschland GmbH,"Leipzig, Germany",https://stackoverflow.com/jobs/526079
Software Developer (gn) C# / .NET,SoftwareONE Deutschland GmbH,"Leipzig, Germany",https://stackoverflow.com/jobs/526078
Senior Webentwickler/in (80-100%),bbv Software Services AG,"Zürich, Schweiz",https://stackoverflow.com/jobs/431192
Senior Java Software-Ingenieur/in (80-100%),bbv Software Services AG,"Zürich, Schweiz",https://stackoverflow.com/jobs/379657
Senior Software Engineer/Software Engineer,Hubble Pte Ltd,Singapore,https://stackoverflow.com/jobs/533974
Senior QA Developer,IG Group,"Kraków, Poland",https://stackoverflow.com/jobs/533832
Senior ML Engineer,Amaris.AI,Singapore,https://stackoverflow.com/jobs/533811
Software Engineer Manager,"Volusion, LLC","Austin, TX",https://stackoverflow.com/jobs/566127
frontend web developer,code d'azur,"Amsterdam, Netherlands",https://stackoverflow.com/jobs/522614
Senior DevOps Engineer,Zenjob,"Berlin, Germany",https://stackoverflow.com/jobs/552356
Fullstack Engineer (f/m/x),Zenjob,"Berlin, Germany",https://stackoverflow.com/jobs/552354
Senior Developer,EVS llc,"Westminster, CO",https://stackoverflow.com/jobs/529103
Senior Frontend Developer (m/w/d) - Experience Design & Mobile,Deloitte Deutschland,"Düsseldorf, Deutschland",https://stackoverflow.com/jobs/533735
Software-Entwickler (w/m/d),CASERIS GmbH,"Stolberg, Deutschland",https://stackoverflow.com/jobs/566118
JavaScript Engineer,LeoVegas Mobile Gaming Group,"Stockholm, Sweden",https://stackoverflow.com/jobs/386114
Frontend Developer,Octopus Energy,"London, UK",https://stackoverflow.com/jobs/533659
Backend Developer - APIs Team,Octopus Energy,"London, UK",https://stackoverflow.com/jobs/533658
Senior Fullstack Engineer,Tradeshift,"Bucharest, Romania",https://stackoverflow.com/jobs/530234
Data Scientist,AutoTrader,"Toronto, ON, Canada",https://stackoverflow.com/jobs/529015
Software Developer Vue.js (m/f/d),shopware AG,"Schöppingen, Deutschland",https://stackoverflow.com/jobs/549078
"Backend Entwickler (m/w/d) mit Spring Boot, Java 11, AWS und Docker gesucht",Bolinda Labs GmbH,"Darmstadt, Deutschland",https://stackoverflow.com/jobs/264821
Full Stack Developer,Rakettitiede,"Helsinki, Finland",https://stackoverflow.com/jobs/522743
Node.js Developer,Supermetrics Oy,No office location,https://stackoverflow.com/jobs/566096
Developer Advocate,Supermetrics Oy,"Helsinki, Finland",https://stackoverflow.com/jobs/566093
"Senior Ruby Engineer, Product",Fullscript,No office location,https://stackoverflow.com/jobs/566519
"Senior Ruby Engineer, Core",Fullscript,No office location,https://stackoverflow.com/jobs/566518
Frontend Developer (f/m/d),Trusted Shops GmbH,"Köln, Deutschland",https://stackoverflow.com/jobs/566081
LEAD INSTRUCTOR - WEB DEVELOPMENT [full time | hybrid],WBS Gruppe,No office location,https://stackoverflow.com/jobs/556317
Platform Operation Engineer,IG Group,"Kraków, Poland",https://stackoverflow.com/jobs/533129
Lead Software Engineer,Vodafone,"London, UK",https://stackoverflow.com/jobs/533128
Werkstudent/in Full Stack Developer (m/w/d),Audi Business Innovation GmbH,"München, Germany",https://stackoverflow.com/jobs/565967
Backend Java Developer,Tradeshift,"București, Romania",https://stackoverflow.com/jobs/533090
Senior Backend Developer (f/m/d),HOMELIKE INTERNET GmbH,"Köln, Deutschland",https://stackoverflow.com/jobs/522556
Frontend Developer / Headless Expert,Magnolia International Ltd.,No office location,https://stackoverflow.com/jobs/525573
Remote Lead Full Stack Engineer - Cisco Meraki,False,via,https://stackoverflow.com/jobs/566501
Java Entwickler (m/w/d),STAR COOPERATION GmbH,"Böblingen, Deutschland",https://stackoverflow.com/jobs/566498
DevOps Cloud Engineer (Kubernetes) - Remote,IG Group,No office location,https://stackoverflow.com/jobs/532885
Fullstack Developer (m/w/d),German Edge Cloud GmbH & Co. KG,"Limburg an der Lahn, Deutschland",https://stackoverflow.com/jobs/539736
Senior Full-Stack Developer,Derivco.,"Umhlanga, South Africa",https://stackoverflow.com/jobs/528652
"full-stack web developer (node.js, typescript)",code d'azur,"Amsterdam, Netherlands",https://stackoverflow.com/jobs/522428
Passionate Talent in Engineering,ti&m AG,"Zürich, Schweiz",https://stackoverflow.com/jobs/522403
Solution Architect Web Platforms,ti&m AG,"Zürich, Schweiz",https://stackoverflow.com/jobs/522338
Software Engineer - Web Front-end Product Development,ti&m AG,"Zürich, Schweiz",https://stackoverflow.com/jobs/522335
Senior Application Engineer,ti&m AG,"Zürich, Schweiz",https://stackoverflow.com/jobs/522311
Senior Software Engineer Java EE,ti&m AG,"Zürich, Schweiz",https://stackoverflow.com/jobs/522274
Senior Software Engineer Java,ti&m AG,"Bern, Schweiz",https://stackoverflow.com/jobs/522273
Senior Software Engineer Web Front-end,ti&m AG,"Bern, Schweiz",https://stackoverflow.com/jobs/522271
Senior Software Engineer Java / Kotlin,ti&m AG,"Zürich, Schweiz",https://stackoverflow.com/jobs/522269
DevOps Engineer Application Management,ti&m AG,"Zürich, Schweiz",https://stackoverflow.com/jobs/522266
Senior Software Engineer - Products Back-end Engineering,ti&m AG,"Zürich, Schweiz",https://stackoverflow.com/jobs/522253
Senior Software Engineer Web Front-end,ti&m AG,"Zürich, Schweiz",https://stackoverflow.com/jobs/522252
Senior Software Engineer Web-Front-end / .NET,ti&m AG,"Zürich, Schweiz",https://stackoverflow.com/jobs/522251
Senior JavaScript Developer,Accenture Romania,"Bucharest, Romania",https://stackoverflow.com/jobs/525564
Senior Software Engineer .NET (m/w/d),ti&m AG,"Frankfurt am Main, Deutschland",https://stackoverflow.com/jobs/522249
Remote Senior Front End Developer,Bitfinex,No office location,https://stackoverflow.com/jobs/528797
Engineering Manager,Impala,No office location,https://stackoverflow.com/jobs/555932
Toolchain Development Engineer,Intel Corporation,"Bengaluru, India",https://stackoverflow.com/jobs/539299
Full-Stack Software Engineer,Captivation Software,"Fort Meade, MD",https://stackoverflow.com/jobs/525427
"Senior Developer (React, Node.js) (m/f/d)",Ziegert EverEstate GmbH,"Berlin, Deutschland",https://stackoverflow.com/jobs/394267
Python Software Engineer,Captivation Software,"Fort Meade, MD",https://stackoverflow.com/jobs/525426
Senior/Staff Full Stack Engineer (Ruby on Rails),Forge,"San Francisco, CA",https://stackoverflow.com/jobs/525442
DevOps Engineer - Location Flexible,"Volusion, LLC","Austin, TX",https://stackoverflow.com/jobs/449663
Full-Stack PHP-Entwickler (m/w/d),campoint AG,"Seligenstadt, Deutschland",https://stackoverflow.com/jobs/566465
"Staff Software Engineer, Along, Education",Chan Zuckerberg Initiative,"Redwood City, CA",https://stackoverflow.com/jobs/565331
"Software Engineer, Notebooks, Education",Chan Zuckerberg Initiative,"Redwood City, CA",https://stackoverflow.com/jobs/565329
React Native Engineer,Picnic,"Amsterdam, Netherlands",https://stackoverflow.com/jobs/174497
Senior AEM Developer,AIR MILES,"Toronto, ON, Canada",https://stackoverflow.com/jobs/539248
Senior Frontend React Developer,AIR MILES,"Toronto, ON, Canada",https://stackoverflow.com/jobs/539247
Senior Java Web Developer,AIR MILES,"Toronto, ON, Canada",https://stackoverflow.com/jobs/539245
Senior Fullstack Developer,AIR MILES,"Toronto, ON, Canada",https://stackoverflow.com/jobs/539244
Firmware/Software Architect,Intel Corporation,"Jerusalem, Israel",https://stackoverflow.com/jobs/539163
Web Systems Engineer - HPC Products,DUG Technology,"West Perth, Australia",https://stackoverflow.com/jobs/528138
Front End Software Engineer – HPC Products,DUG Technology,"West Perth, Australia",https://stackoverflow.com/jobs/528137
Senior Backend Developer,IG Group,"Kraków, Poland",https://stackoverflow.com/jobs/545281
Associate Software Engineer,MarketAxess Holdings Inc.,"New York, NY",https://stackoverflow.com/jobs/566038
Senior Android Developer,IG Group,"Kraków, Poland",https://stackoverflow.com/jobs/545280
Senior Android Developer,Gamesys Group,"Toronto, ON, Canada",https://stackoverflow.com/jobs/565278
Software Engineer – Frontend / Fullstack (m/f/d) remote or on-site,HolidayCheck Group AG,"Munich, Germany",https://stackoverflow.com/jobs/297720
Full-Stack Software Engineer (C# + .NET 6 / React + Typescript) (f/m/d),HeidelbergCement AG,"Heidelberg, Deutschland",https://stackoverflow.com/jobs/559624
Junior Backend Engineer (m/f/d),Relayr,"Katowice, Poland",https://stackoverflow.com/jobs/551592
Senior Webentwickler Javascript – Web E-Commerce (m/w/d),ifm-Unternehmensgruppe,"Essen, Deutschland",https://stackoverflow.com/jobs/566012
Senior React Developer | Contractor | Remote,Copado Strategic Services,No office location,https://stackoverflow.com/jobs/545086
Frontend Engineer - Payroll Domain (f/m/d),Personio,"Madrid, Spain",https://stackoverflow.com/jobs/565996
Full-stack Typescript Software Engineer,Crazy Games,No office location,https://stackoverflow.com/jobs/296971
FULL STACK DEVELOPER (M/W/D),Insiders Technologies GmbH,"Kaiserslautern, Deutschland",https://stackoverflow.com/jobs/565988
React Developer (Remote),X-Team,No office location,https://stackoverflow.com/jobs/534457
"Frontend Software Entwickler Smart Irrigation, IoT/Garten-Geräte (m/w/d) 100%",Gardena GmbH,"Zürich, Switzerland",https://stackoverflow.com/jobs/531444
"Senior Software Engineer (Frontend), Along, Education",Chan Zuckerberg Initiative,"Redwood City, CA",https://stackoverflow.com/jobs/565976
JAVA Full Stack Web Application Developer – Entry Level & Internships,LBi Software,"Melville, NY",https://stackoverflow.com/jobs/521892
Sr. Software Engineer (Full stack Java),MUFG,"Charlotte, NC",https://stackoverflow.com/jobs/559425
Software Engineer,MUFG,"Charlotte, NC",https://stackoverflow.com/jobs/559421
Modern Infrastructure and Security Architect - Remote,MUFG,No office location,https://stackoverflow.com/jobs/559431
Java Developer,MUFG,"New York, NY",https://stackoverflow.com/jobs/559436
"Applications Support Specialist, Salesforce -- Associate",MUFG,"New York, NY",https://stackoverflow.com/jobs/559438
Full Stack Engineer (Mid-level - Python/JavaScript),Night Market,No office location,https://stackoverflow.com/jobs/566449
Senior Full Stack Engineer (Python/JavaScript),Night Market,No office location,https://stackoverflow.com/jobs/566448
Front-end Developer at a fast-growing scale-up,Channable,"Utrecht, Netherlands",https://stackoverflow.com/jobs/308755
Senior Java Developer (m/f/d),Audi Business Innovation GmbH,"München, Germany",https://stackoverflow.com/jobs/563096
Full Stack Developer Audi Commerce Platform (m/f/d),Audi Business Innovation GmbH,"München, Germany",https://stackoverflow.com/jobs/563095
Senior Hybrid Web-App Developer,Platogo Interactive Entertainment GmbH,"Wien, Austria",https://stackoverflow.com/jobs/489573
DevOps Engineer (Remote),Eterlast,"Barcelona, Spain",https://stackoverflow.com/jobs/563090
Senior Frontend Engineer - Employee Performance & Development,Personio,"Amsterdam, Netherlands",https://stackoverflow.com/jobs/551287
